energy,unc_en,intensity_%,unc_i,type,start level H-l [sec],start level energy  [keV],  end level energy  [keV],  end level H-l  [sec], multipolarity, mixing ratio, unc, conversion coeff. ,unc, parent Z, N, symbol, parent energy shift,parent energy  [keV] , unc, jp,  half_life, half-life operator,unc,unit, half_life [s], unc, decay, decay %, unc,Q , unc, Z,N, symbol ,ENSDF_publication_cut-off,ENSDF_authors,Extraction_date
118.97,0.15,0.00053,0.00011,,G,0.0000000000000199,1082.816,963.363,,,,,,63,89,Eu,,0,,3-,13.517,,9,Y,426554968.39856005,284012.333771328,EC+B+,72.08,0.13,1874.5,15,62,90,Sm,31-Aug-2013,M. J. MARTIN,2024-04-17
121.7817,0.0003,28.53,0.16,0.000000001396,G,,121.7818,0.0,E2,,,1.155,,63,89,Eu,,0,,3-,13.517,,9,Y,426554968.39856005,284012.333771328,EC+B+,72.08,0.13,1874.5,15,62,90,Sm,31-Aug-2013,M. J. MARTIN,2024-04-17
125.68,0.1,0.00513,0.00019,0.000000000007,G,,810.453,684.69,[E2],,,1.033,,63,89,Eu,,0,,3-,13.517,,9,Y,426554968.39856005,284012.333771328,EC+B+,72.08,0.13,1874.5,15,62,90,Sm,31-Aug-2013,M. J. MARTIN,2024-04-17
137.56,0.22,0.00074,0.00013,,G,0.000000000006,1371.721,1233.8626,,,,,,63,89,Eu,,0,,3-,13.517,,9,Y,426554968.39856005,284012.333771328,EC+B+,72.08,0.13,1874.5,15,62,90,Sm,31-Aug-2013,M. J. MARTIN,2024-04-17
148,0.05,0.0205,0.0011,0.000000000006,G,0.000000000004,1233.8626,1085.8408,M1+E2,1.0,6,0.569,,63,89,Eu,,0,,3-,13.517,,9,Y,426554968.39856005,284012.333771328,EC+B+,72.08,0.13,1874.5,15,62,90,Sm,31-Aug-2013,M. J. MARTIN,2024-04-17
150.13,0.08,0.0009,0.00008,,G,,1371.721,1221.67,,,,,,63,89,Eu,,0,,3-,13.517,,9,Y,426554968.39856005,284012.333771328,EC+B+,72.08,0.13,1874.5,15,62,90,Sm,31-Aug-2013,M. J. MARTIN,2024-04-17
166.91,0.25,0.0021,0.0008,,G,,,,,,,,,63,89,Eu,,0,,3-,13.517,,9,Y,426554968.39856005,284012.333771328,EC+B+,72.08,0.13,1874.5,15,62,90,Sm,31-Aug-2013,M. J. MARTIN,2024-04-17
172.1,0.4,0.00043,0.00021,,G,,1282.24,1109.200,[E2],,,0.369,,63,89,Eu,,0,,3-,13.517,,9,Y,426554968.39856005,284012.333771328,B-,27.92,0.13,1818.8,7,64,88,Gd,31-Aug-2013,M. J. MARTIN,2024-04-17
174.8,0.22,0.00138,0.00019,0.0000000000073,G,0.0000000000073,930.546,755.3960,,,,,,63,89,Eu,,0,,3-,13.517,,9,Y,426554968.39856005,284012.333771328,B-,27.92,0.13,1818.8,7,64,88,Gd,31-Aug-2013,M. J. MARTIN,2024-04-17
175.18,,0.004,0.0011,,G,,,,,,,,,63,89,Eu,,0,,3-,13.517,,9,Y,426554968.39856005,284012.333771328,EC+B+,72.08,0.13,1874.5,15,62,90,Sm,31-Aug-2013,M. J. MARTIN,2024-04-17
192.6,0.05,0.00681,0.00022,,G,0.0000000000073,1123.1855,930.546,[E1],,,0.0502,,63,89,Eu,,0,,3-,13.517,,9,Y,426554968.39856005,284012.333771328,B-,27.92,0.13,1818.8,7,64,88,Gd,31-Aug-2013,M. J. MARTIN,2024-04-17
195.22,0.15,0.00205,0.00019,,G,,1318.456,1123.1855,E1,,,0.0484,,63,89,Eu,,0,,3-,13.517,,9,Y,426554968.39856005,284012.333771328,B-,27.92,0.13,1818.8,7,64,88,Gd,31-Aug-2013,M. J. MARTIN,2024-04-17
202.74,0.13,0.0051,0.0011,,G,,,,,,,,,63,89,Eu,,0,,3-,13.517,,9,Y,426554968.39856005,284012.333771328,EC+B+,72.08,0.13,1874.5,15,62,90,Sm,31-Aug-2013,M. J. MARTIN,2024-04-17
207.03,0.23,0.00114,0.00024,,G,0.000000000004,1292.753,1085.8408,,,,,,63,89,Eu,,0,,3-,13.517,,9,Y,426554968.39856005,284012.333771328,EC+B+,72.08,0.13,1874.5,15,62,90,Sm,31-Aug-2013,M. J. MARTIN,2024-04-17
207.64,0.11,0.0073,0.0003,,G,,1579.427,1371.721,[E1],,,0.0382,,63,89,Eu,,0,,3-,13.517,,9,Y,426554968.39856005,284012.333771328,EC+B+,72.08,0.13,1874.5,15,62,90,Sm,31-Aug-2013,M. J. MARTIN,2024-04-17
209.3,,0.00017,0.000011,,G,,1318.456,1109.200,,,,,,63,89,Eu,,0,,3-,13.517,,9,Y,426554968.39856005,284012.333771328,B-,27.92,0.13,1818.8,7,64,88,Gd,31-Aug-2013,M. J. MARTIN,2024-04-17
209.41,0.13,0.0012,0.0004,,G,,1643.421,1434.020,[E1],,,0.0402,,63,89,Eu,,0,,3-,13.517,,9,Y,426554968.39856005,284012.333771328,B-,27.92,0.13,1818.8,7,64,88,Gd,31-Aug-2013,M. J. MARTIN,2024-04-17
209.97,0.03,0.0043,0.0007,,G,,1292.753,1082.816,,,,,,63,89,Eu,,0,,3-,13.517,,9,Y,426554968.39856005,284012.333771328,EC+B+,72.08,0.13,1874.5,15,62,90,Sm,31-Aug-2013,M. J. MARTIN,2024-04-17
210.95,0.14,0.0038,0.00016,0.000000000006,G,,1233.8626,1022.969,,,,,,63,89,Eu,,0,,3-,13.517,,9,Y,426554968.39856005,284012.333771328,EC+B+,72.08,0.13,1874.5,15,62,90,Sm,31-Aug-2013,M. J. MARTIN,2024-04-17
212.43,0.11,0.0207,0.0005,,G,0.000000000007,1022.969,810.453,E2,,,0.1706,,63,89,Eu,,0,,3-,13.517,,9,Y,426554968.39856005,284012.333771328,EC+B+,72.08,0.13,1874.5,15,62,90,Sm,31-Aug-2013,M. J. MARTIN,2024-04-17
237.1,0.03,0.00633,0.00019,,G,,1529.8019,1292.753,,,,,,63,89,Eu,,0,,3-,13.517,,9,Y,426554968.39856005,284012.333771328,EC+B+,72.08,0.13,1874.5,15,62,90,Sm,31-Aug-2013,M. J. MARTIN,2024-04-17
239.33,,0.005318,0.000022,,G,,1769.130,1529.8019,[E1],,,0.0263,,63,89,Eu,,0,,3-,13.517,,9,Y,426554968.39856005,284012.333771328,EC+B+,72.08,0.13,1874.5,15,62,90,Sm,31-Aug-2013,M. J. MARTIN,2024-04-17
241,,0.0003723,0.0000016,,G,,1612.88,1371.721,,,,,,63,89,Eu,,0,,3-,13.517,,9,Y,426554968.39856005,284012.333771328,EC+B+,72.08,0.13,1874.5,15,62,90,Sm,31-Aug-2013,M. J. MARTIN,2024-04-17
244.6974,0.0008,7.55,0.04,0.00000000006,G,0.000000001396,366.4795,121.7818,E2,,,0.1073,,63,89,Eu,,0,,3-,13.517,,9,Y,426554968.39856005,284012.333771328,EC+B+,72.08,0.13,1874.5,15,62,90,Sm,31-Aug-2013,M. J. MARTIN,2024-04-17
251.633,0.009,0.067,0.0019,,G,0.000000000005,1292.753,1041.1217,E1+M2,0.24,5,0.055,,63,89,Eu,,0,,3-,13.517,,9,Y,426554968.39856005,284012.333771328,EC+B+,72.08,0.13,1874.5,15,62,90,Sm,31-Aug-2013,M. J. MARTIN,2024-04-17
269.84,0.06,0.0078,0.0005,,G,,1292.753,1022.969,[E2],,,0.0784,,63,89,Eu,,0,,3-,13.517,,9,Y,426554968.39856005,284012.333771328,EC+B+,72.08,0.13,1874.5,15,62,90,Sm,31-Aug-2013,M. J. MARTIN,2024-04-17
271.08,0.04,0.0715,0.0019,0.000000000037,G,0.000000000032,615.415,344.2789,E2,,,0.0827,,63,89,Eu,,0,,3-,13.517,,9,Y,426554968.39856005,284012.333771328,B-,27.92,0.13,1818.8,7,64,88,Gd,31-Aug-2013,M. J. MARTIN,2024-04-17
272.41,0.09,0.00064,0.00016,,G,0.000000000007,1082.816,810.453,,,,,,63,89,Eu,,0,,3-,13.517,,9,Y,426554968.39856005,284012.333771328,EC+B+,72.08,0.13,1874.5,15,62,90,Sm,31-Aug-2013,M. J. MARTIN,2024-04-17
275.42,0.04,0.0346,0.0008,0.000000000004,G,0.000000000007,1085.8408,810.453,M1,,,0.1015,,63,89,Eu,,0,,3-,13.517,,9,Y,426554968.39856005,284012.333771328,EC+B+,72.08,0.13,1874.5,15,62,90,Sm,31-Aug-2013,M. J. MARTIN,2024-04-17
285.98,0.18,0.0098,0.0016,,G,0.000000000004,1371.721,1085.8408,[E2],,,0.0653,,63,89,Eu,,0,,3-,13.517,,9,Y,426554968.39856005,284012.333771328,EC+B+,72.08,0.13,1874.5,15,62,90,Sm,31-Aug-2013,M. J. MARTIN,2024-04-17
286.5,0.11,0.0014,0.0003,,G,,1579.427,1292.753,,,,,,63,89,Eu,,0,,3-,13.517,,9,Y,426554968.39856005,284012.333771328,EC+B+,72.08,0.13,1874.5,15,62,90,Sm,31-Aug-2013,M. J. MARTIN,2024-04-17
287.1,0.12,0.00081,0.00007,,G,,1605.596,1318.456,,,,,,63,89,Eu,,0,,3-,13.517,,9,Y,426554968.39856005,284012.333771328,B-,27.92,0.13,1818.8,7,64,88,Gd,31-Aug-2013,M. J. MARTIN,2024-04-17
295.9387,0.0017,0.44,0.004,,G,0.000000000006,1529.8019,1233.8626,E1,,,0.01523,,63,89,Eu,,0,,3-,13.517,,9,Y,426554968.39856005,284012.333771328,EC+B+,72.08,0.13,1874.5,15,62,90,Sm,31-Aug-2013,M. J. MARTIN,2024-04-17
315.1,0.03,0.0399,0.0011,0.0000000000073,G,0.000000000037,930.546,615.415,(E2),,,0.0518,,63,89,Eu,,0,,3-,13.517,,9,Y,426554968.39856005,284012.333771328,B-,27.92,0.13,1818.8,7,64,88,Gd,31-Aug-2013,M. J. MARTIN,2024-04-17
316.13,0.13,0.0101,0.0005,,G,,1022.969,706.91,(E2),,,0.0478,,63,89,Eu,,0,,3-,13.517,,9,Y,426554968.39856005,284012.333771328,EC+B+,72.08,0.13,1874.5,15,62,90,Sm,31-Aug-2013,M. J. MARTIN,2024-04-17
320.1,0.05,0.00205,0.00011,,G,,1612.88,1292.753,,,,,,63,89,Eu,,0,,3-,13.517,,9,Y,426554968.39856005,284012.333771328,EC+B+,72.08,0.13,1874.5,15,62,90,Sm,31-Aug-2013,M. J. MARTIN,2024-04-17
324.83,0.03,0.0681,0.0019,,G,,1434.020,1109.200,[M1 E2],,,0.062,,63,89,Eu,,0,,3-,13.517,,9,Y,426554968.39856005,284012.333771328,B-,27.92,0.13,1818.8,7,64,88,Gd,31-Aug-2013,M. J. MARTIN,2024-04-17
324.914,0.026,0.00497,0.00024,,G,,1643.421,1318.456,,,,,,63,89,Eu,,0,,3-,13.517,,9,Y,426554968.39856005,284012.333771328,B-,27.92,0.13,1818.8,7,64,88,Gd,31-Aug-2013,M. J. MARTIN,2024-04-17
328.764,0.026,0.00346,0.00021,,G,,1643.421,1314.640,,,,,,63,89,Eu,,0,,3-,13.517,,9,Y,426554968.39856005,284012.333771328,B-,27.92,0.13,1818.8,7,64,88,Gd,31-Aug-2013,M. J. MARTIN,2024-04-17
329.41,0.05,0.1213,0.0024,,G,0.0000000000000199,1292.753,963.363,[E1],,,0.01163,,63,89,Eu,,0,,3-,13.517,,9,Y,426554968.39856005,284012.333771328,EC+B+,72.08,0.13,1874.5,15,62,90,Sm,31-Aug-2013,M. J. MARTIN,2024-04-17
330.58,0.08,0.0093,0.0011,,G,0.000000000005,1371.721,1041.1217,[E1],,,0.01154,,63,89,Eu,,0,,3-,13.517,,9,Y,426554968.39856005,284012.333771328,EC+B+,72.08,0.13,1874.5,15,62,90,Sm,31-Aug-2013,M. J. MARTIN,2024-04-17
340.46,0.1,0.0266,0.0008,,G,0.00000000006,706.91,366.4795,E2,,,0.0382,,63,89,Eu,,0,,3-,13.517,,9,Y,426554968.39856005,284012.333771328,EC+B+,72.08,0.13,1874.5,15,62,90,Sm,31-Aug-2013,M. J. MARTIN,2024-04-17
344.2785,0.0012,26.59,0.2,0.000000000032,G,,344.2789,0.0,E2,,,0.0397,,63,89,Eu,,0,,3-,13.517,,9,Y,426554968.39856005,284012.333771328,B-,27.92,0.13,1818.8,7,64,88,Gd,31-Aug-2013,M. J. MARTIN,2024-04-17
345.54,0.03,0.0098,0.0005,,G,0.000000000006,1579.427,1233.8626,,,,,,63,89,Eu,,0,,3-,13.517,,9,Y,426554968.39856005,284012.333771328,EC+B+,72.08,0.13,1874.5,15,62,90,Sm,31-Aug-2013,M. J. MARTIN,2024-04-17
348.752,0.015,0.0017,0.00016,,G,,1371.721,1022.969,,,,,,63,89,Eu,,0,,3-,13.517,,9,Y,426554968.39856005,284012.333771328,EC+B+,72.08,0.13,1874.5,15,62,90,Sm,31-Aug-2013,M. J. MARTIN,2024-04-17
351.66,0.05,0.0106,0.0008,,G,0.0000000000073,1282.24,930.546,E2,,,0.0373,,63,89,Eu,,0,,3-,13.517,,9,Y,426554968.39856005,284012.333771328,B-,27.92,0.13,1818.8,7,64,88,Gd,31-Aug-2013,M. J. MARTIN,2024-04-17
354.16,0.15,0.00096,0.00011,,G,0.0000000000073,1109.200,755.3960,,,,,,63,89,Eu,,0,,3-,13.517,,9,Y,426554968.39856005,284012.333771328,B-,27.92,0.13,1818.8,7,64,88,Gd,31-Aug-2013,M. J. MARTIN,2024-04-17
357.26,0.05,0.0061,0.0004,,G,,1649.833,1292.753,[E1],,,0.00953,,63,89,Eu,,0,,3-,13.517,,9,Y,426554968.39856005,284012.333771328,EC+B+,72.08,0.13,1874.5,15,62,90,Sm,31-Aug-2013,M. J. MARTIN,2024-04-17
358.48,0.07,0.00165,0.00013,,G,,1730.207,1371.721,,,,,,63,89,Eu,,0,,3-,13.517,,9,Y,426554968.39856005,284012.333771328,EC+B+,72.08,0.13,1874.5,15,62,90,Sm,31-Aug-2013,M. J. MARTIN,2024-04-17
367.7891,0.002,0.859,0.006,,G,0.0000000000073,1123.1855,755.3960,E1,,,0.00964,,63,89,Eu,,0,,3-,13.517,,9,Y,426554968.39856005,284012.333771328,B-,27.92,0.13,1818.8,7,64,88,Gd,31-Aug-2013,M. J. MARTIN,2024-04-17
378.15,0.24,0.00024,0.00006,,G,0.000000000006,1612.88,1233.8626,,,,,,63,89,Eu,,0,,3-,13.517,,9,Y,426554968.39856005,284012.333771328,EC+B+,72.08,0.13,1874.5,15,62,90,Sm,31-Aug-2013,M. J. MARTIN,2024-04-17
379.36,0.18,0.00082,0.00021,,G,,,,,,,,,63,89,Eu,,0,,3-,13.517,,9,Y,426554968.39856005,284012.333771328,EC+B+,72.08,0.13,1874.5,15,62,90,Sm,31-Aug-2013,M. J. MARTIN,2024-04-17
385.61,0.21,0.00556,0.00024,,G,,1757.001,1371.721,[M1 E2],,,0.034,,63,89,Eu,,0,,3-,13.517,,9,Y,426554968.39856005,284012.333771328,EC+B+,72.08,0.13,1874.5,15,62,90,Sm,31-Aug-2013,M. J. MARTIN,2024-04-17
387.9,0.08,0.0029,0.0003,,G,0.0000000000073,1318.456,930.546,(M1+E2+E0),,,0.038,,63,89,Eu,,0,,3-,13.517,,9,Y,426554968.39856005,284012.333771328,B-,27.92,0.13,1818.8,7,64,88,Gd,31-Aug-2013,M. J. MARTIN,2024-04-17
389.07,0.11,0.0035,0.0013,,G,,,,,,,,,63,89,Eu,,0,,3-,13.517,,9,Y,426554968.39856005,284012.333771328,EC+B+,72.08,0.13,1874.5,15,62,90,Sm,31-Aug-2013,M. J. MARTIN,2024-04-17
391.19,0.07,0.00141,0.00004,,G,,1612.88,1221.67,,,,,,63,89,Eu,,0,,3-,13.517,,9,Y,426554968.39856005,284012.333771328,EC+B+,72.08,0.13,1874.5,15,62,90,Sm,31-Aug-2013,M. J. MARTIN,2024-04-17
395.75,0.19,0.008,0.003,,G,,,,,,,,,63,89,Eu,,0,,3-,13.517,,9,Y,426554968.39856005,284012.333771328,EC+B+,72.08,0.13,1874.5,15,62,90,Sm,31-Aug-2013,M. J. MARTIN,2024-04-17
397.75,0.26,0.00037,0.00006,,G,,1769.130,1371.721,,,,,,63,89,Eu,,0,,3-,13.517,,9,Y,426554968.39856005,284012.333771328,EC+B+,72.08,0.13,1874.5,15,62,90,Sm,31-Aug-2013,M. J. MARTIN,2024-04-17
401.29,0.09,0.00064,0.00004,0.000000000004,G,,1085.8408,684.69,,,,,,63,89,Eu,,0,,3-,13.517,,9,Y,426554968.39856005,284012.333771328,EC+B+,72.08,0.13,1874.5,15,62,90,Sm,31-Aug-2013,M. J. MARTIN,2024-04-17
406.74,0.15,0.00082,0.00021,,G,,,,,,,,,63,89,Eu,,0,,3-,13.517,,9,Y,426554968.39856005,284012.333771328,EC+B+,72.08,0.13,1874.5,15,62,90,Sm,31-Aug-2013,M. J. MARTIN,2024-04-17
411.1165,0.0012,2.237,0.013,0.0000000000073,G,0.000000000032,755.3960,344.2789,E2,,,0.0238,,63,89,Eu,,0,,3-,13.517,,9,Y,426554968.39856005,284012.333771328,B-,27.92,0.13,1818.8,7,64,88,Gd,31-Aug-2013,M. J. MARTIN,2024-04-17
416.02,0.03,0.1088,0.0019,,G,0.000000000006,1649.833,1233.8626,[E1],,,0.00660,,63,89,Eu,,0,,3-,13.517,,9,Y,426554968.39856005,284012.333771328,EC+B+,72.08,0.13,1874.5,15,62,90,Sm,31-Aug-2013,M. J. MARTIN,2024-04-17
423.45,0.04,0.00298,0.00021,0.000000000006,G,0.000000000007,1233.8626,810.453,[M1 E2],,,0.027,,63,89,Eu,,0,,3-,13.517,,9,Y,426554968.39856005,284012.333771328,EC+B+,72.08,0.13,1874.5,15,62,90,Sm,31-Aug-2013,M. J. MARTIN,2024-04-17
440.86,0.1,0.0062,0.0004,,G,,1550.17,1109.200,[E2],,,0.0196,,63,89,Eu,,0,,3-,13.517,,9,Y,426554968.39856005,284012.333771328,B-,27.92,0.13,1818.8,7,64,88,Gd,31-Aug-2013,M. J. MARTIN,2024-04-17
441,,,,,G,,,,,,,,,63,89,Eu,,0,,3-,13.517,,9,Y,426554968.39856005,284012.333771328,EC+B+,72.08,0.13,1874.5,15,62,90,Sm,31-Aug-2013,M. J. MARTIN,2024-04-17
443.9606,0.0016,2.827,0.014,,G,0.000000000004,1529.8019,1085.8408,E1+M2,0.058,12,0.00598,,63,89,Eu,,0,,3-,13.517,,9,Y,426554968.39856005,284012.333771328,EC+B+,72.08,0.13,1874.5,15,62,90,Sm,31-Aug-2013,M. J. MARTIN,2024-04-17
444.01,0.17,0.298,0.011,0.000000000007,G,0.00000000006,810.453,366.4795,E2,,,0.01772,,63,89,Eu,,0,,3-,13.517,,9,Y,426554968.39856005,284012.333771328,EC+B+,72.08,0.13,1874.5,15,62,90,Sm,31-Aug-2013,M. J. MARTIN,2024-04-17
464.28,0.14,0.00045,0.00019,,G,,1757.001,1292.753,,,,,,63,89,Eu,,0,,3-,13.517,,9,Y,426554968.39856005,284012.333771328,EC+B+,72.08,0.13,1874.5,15,62,90,Sm,31-Aug-2013,M. J. MARTIN,2024-04-17
476.42,0.09,0.0017,0.0003,,G,,1769.130,1292.753,,,,,,63,89,Eu,,0,,3-,13.517,,9,Y,426554968.39856005,284012.333771328,EC+B+,72.08,0.13,1874.5,15,62,90,Sm,31-Aug-2013,M. J. MARTIN,2024-04-17
482.33,0.05,0.0247,0.0008,,G,0.000000000007,1292.753,810.453,E0+M1+E2,,,0.062,,63,89,Eu,,0,,3-,13.517,,9,Y,426554968.39856005,284012.333771328,EC+B+,72.08,0.13,1874.5,15,62,90,Sm,31-Aug-2013,M. J. MARTIN,2024-04-17
482.4,,0.00234,0.00011,,G,,1605.596,1123.1855,[E1],,,0.00511,,63,89,Eu,,0,,3-,13.517,,9,Y,426554968.39856005,284012.333771328,B-,27.92,0.13,1818.8,7,64,88,Gd,31-Aug-2013,M. J. MARTIN,2024-04-17
488.6792,0.002,0.414,0.003,,G,0.000000000005,1529.8019,1041.1217,M1+E2,5.6,5,0.01392,,63,89,Eu,,0,,3-,13.517,,9,Y,426554968.39856005,284012.333771328,EC+B+,72.08,0.13,1874.5,15,62,90,Sm,31-Aug-2013,M. J. MARTIN,2024-04-17
493.54,0.04,0.0303,0.0013,,G,0.000000000004,1579.427,1085.8408,[E1],,,0.00444,,63,89,Eu,,0,,3-,13.517,,9,Y,426554968.39856005,284012.333771328,EC+B+,72.08,0.13,1874.5,15,62,90,Sm,31-Aug-2013,M. J. MARTIN,2024-04-17
493.78,,0.0098,0.0004,,G,0.000000000037,1109.200,615.415,[E2],,,0.01442,,63,89,Eu,,0,,3-,13.517,,9,Y,426554968.39856005,284012.333771328,B-,27.92,0.13,1818.8,7,64,88,Gd,31-Aug-2013,M. J. MARTIN,2024-04-17
496.4,,0.00588,0.00024,,G,,1605.596,1109.200,E0+M1+E2,,,0.020,,63,89,Eu,,0,,3-,13.517,,9,Y,426554968.39856005,284012.333771328,B-,27.92,0.13,1818.8,7,64,88,Gd,31-Aug-2013,M. J. MARTIN,2024-04-17
496.56,0.24,0.0058,0.0021,,G,0.000000000006,1730.207,1233.8626,[E1],,,0.00438,,63,89,Eu,,0,,3-,13.517,,9,Y,426554968.39856005,284012.333771328,EC+B+,72.08,0.13,1874.5,15,62,90,Sm,31-Aug-2013,M. J. MARTIN,2024-04-17
503.467,0.009,0.1524,0.002,,G,0.0000000000073,1434.020,930.546,(E2),,,0.01370,,63,89,Eu,,0,,3-,13.517,,9,Y,426554968.39856005,284012.333771328,B-,27.92,0.13,1818.8,7,64,88,Gd,31-Aug-2013,M. J. MARTIN,2024-04-17
514.78,0.06,0.00043,0.00008,,G,,1221.67,706.91,,,,,,63,89,Eu,,0,,3-,13.517,,9,Y,426554968.39856005,284012.333771328,EC+B+,72.08,0.13,1874.5,15,62,90,Sm,31-Aug-2013,M. J. MARTIN,2024-04-17
520.24,0.04,0.0534,0.0016,,G,,1643.421,1123.1855,[M1 E2],,,0.018,,63,89,Eu,,0,,3-,13.517,,9,Y,426554968.39856005,284012.333771328,B-,27.92,0.13,1818.8,7,64,88,Gd,31-Aug-2013,M. J. MARTIN,2024-04-17
523.13,0.05,0.0153,0.0006,,G,0.000000000006,1757.001,1233.8626,[M1 E2],,,0.015,,63,89,Eu,,0,,3-,13.517,,9,Y,426554968.39856005,284012.333771328,EC+B+,72.08,0.13,1874.5,15,62,90,Sm,31-Aug-2013,M. J. MARTIN,2024-04-17
526.88,0.05,0.012,0.0008,,G,0.0000000000073,1282.24,755.3960,E0+M1+E2,,,0.017,,63,89,Eu,,0,,3-,13.517,,9,Y,426554968.39856005,284012.333771328,B-,27.92,0.13,1818.8,7,64,88,Gd,31-Aug-2013,M. J. MARTIN,2024-04-17
527.1,,0.0001861,0.0000008,,G,0.000000000004,1612.88,1085.8408,,,,,,63,89,Eu,,0,,3-,13.517,,9,Y,426554968.39856005,284012.333771328,EC+B+,72.08,0.13,1874.5,15,62,90,Sm,31-Aug-2013,M. J. MARTIN,2024-04-17
534.25,0.05,0.041,0.0011,,G,,1643.421,1109.200,[E1],,,0.00407,,63,89,Eu,,0,,3-,13.517,,9,Y,426554968.39856005,284012.333771328,B-,27.92,0.13,1818.8,7,64,88,Gd,31-Aug-2013,M. J. MARTIN,2024-04-17
535.44,0.12,0.00173,0.00013,,G,0.000000000006,1769.130,1233.8626,,,,,,63,89,Eu,,0,,3-,13.517,,9,Y,426554968.39856005,284012.333771328,EC+B+,72.08,0.13,1874.5,15,62,90,Sm,31-Aug-2013,M. J. MARTIN,2024-04-17
536.23,,,,,G,,,,,,,,,63,89,Eu,,0,,3-,13.517,,9,Y,426554968.39856005,284012.333771328,EC+B+,72.08,0.13,1874.5,15,62,90,Sm,31-Aug-2013,M. J. MARTIN,2024-04-17
538.29,0.06,0.0043,0.0003,,G,0.000000000005,1579.427,1041.1217,[M1 E2],,,0.014,,63,89,Eu,,0,,3-,13.517,,9,Y,426554968.39856005,284012.333771328,EC+B+,72.08,0.13,1874.5,15,62,90,Sm,31-Aug-2013,M. J. MARTIN,2024-04-17
556.48,0.1,0.0177,0.0006,,G,,1579.427,1022.969,[E1],,,0.00340,,63,89,Eu,,0,,3-,13.517,,9,Y,426554968.39856005,284012.333771328,EC+B+,72.08,0.13,1874.5,15,62,90,Sm,31-Aug-2013,M. J. MARTIN,2024-04-17
557.8,,0.0029,0.0003,,G,,1605.596,1047.81,[E2],,,0.01051,,63,89,Eu,,0,,3-,13.517,,9,Y,426554968.39856005,284012.333771328,B-,27.92,0.13,1818.8,7,64,88,Gd,31-Aug-2013,M. J. MARTIN,2024-04-17
561.26,0.17,0.00141,0.00024,,G,0.000000000007,1371.721,810.453,[E2],,,0.00949,,63,89,Eu,,0,,3-,13.517,,9,Y,426554968.39856005,284012.333771328,EC+B+,72.08,0.13,1874.5,15,62,90,Sm,31-Aug-2013,M. J. MARTIN,2024-04-17
562.98,0.14,0.0202,0.0019,,G,0.000000001396,684.69,121.7818,E2,,,0.00941,,63,89,Eu,,0,,3-,13.517,,9,Y,426554968.39856005,284012.333771328,EC+B+,72.08,0.13,1874.5,15,62,90,Sm,31-Aug-2013,M. J. MARTIN,2024-04-17
563.1,,0.0003,0.000021,,G,0.0000000000073,1318.456,755.3960,,,,,,63,89,Eu,,0,,3-,13.517,,9,Y,426554968.39856005,284012.333771328,B-,27.92,0.13,1818.8,7,64,88,Gd,31-Aug-2013,M. J. MARTIN,2024-04-17
563.986,0.005,0.494,0.005,,G,0.000000000004,1649.833,1085.8408,(E1),,,0.00330,,63,89,Eu,,0,,3-,13.517,,9,Y,426554968.39856005,284012.333771328,EC+B+,72.08,0.13,1874.5,15,62,90,Sm,31-Aug-2013,M. J. MARTIN,2024-04-17
566.438,0.006,0.131,0.003,,G,0.0000000000000199,1529.8019,963.363,M1+E2,-0.7,4,0.0134,,63,89,Eu,,0,,3-,13.517,,9,Y,426554968.39856005,284012.333771328,EC+B+,72.08,0.13,1874.5,15,62,90,Sm,31-Aug-2013,M. J. MARTIN,2024-04-17
571.83,0.08,0.00444,0.00016,,G,0.000000000005,1612.88,1041.1217,,,,,,63,89,Eu,,0,,3-,13.517,,9,Y,426554968.39856005,284012.333771328,EC+B+,72.08,0.13,1874.5,15,62,90,Sm,31-Aug-2013,M. J. MARTIN,2024-04-17
586.2648,0.0026,0.455,0.004,0.0000000000073,G,0.000000000032,930.546,344.2789,E0+M1+E2,,,0.013,,63,89,Eu,,0,,3-,13.517,,9,Y,426554968.39856005,284012.333771328,B-,27.92,0.13,1818.8,7,64,88,Gd,31-Aug-2013,M. J. MARTIN,2024-04-17
588.6,0.3,0.0024,0.0011,,G,0.000000000006,1822.03,1233.8626,,,,,,63,89,Eu,,0,,3-,13.517,,9,Y,426554968.39856005,284012.333771328,EC+B+,72.08,0.13,1874.5,15,62,90,Sm,31-Aug-2013,M. J. MARTIN,2024-04-17
589.83,0.17,0.0013,0.00008,,G,,1612.88,1022.969,,,,,,63,89,Eu,,0,,3-,13.517,,9,Y,426554968.39856005,284012.333771328,EC+B+,72.08,0.13,1874.5,15,62,90,Sm,31-Aug-2013,M. J. MARTIN,2024-04-17
595.61,0.12,0.032,0.011,,G,,,,,,,,,63,89,Eu,,0,,3-,13.517,,9,Y,426554968.39856005,284012.333771328,EC+B+,72.08,0.13,1874.5,15,62,90,Sm,31-Aug-2013,M. J. MARTIN,2024-04-17
608.06,0.15,0.00027,0.00008,,G,,1292.753,684.69,,,,,,63,89,Eu,,0,,3-,13.517,,9,Y,426554968.39856005,284012.333771328,EC+B+,72.08,0.13,1874.5,15,62,90,Sm,31-Aug-2013,M. J. MARTIN,2024-04-17
609.23,0.22,0.00122,0.00016,,G,0.000000000005,1649.833,1041.1217,,,,,,63,89,Eu,,0,,3-,13.517,,9,Y,426554968.39856005,284012.333771328,EC+B+,72.08,0.13,1874.5,15,62,90,Sm,31-Aug-2013,M. J. MARTIN,2024-04-17
615.41,0.05,,,0.000000000037,G,,615.415,0.0,E0,,,,,63,89,Eu,,0,,3-,13.517,,9,Y,426554968.39856005,284012.333771328,B-,27.92,0.13,1818.8,7,64,88,Gd,31-Aug-2013,M. J. MARTIN,2024-04-17
616.05,0.05,0.0092,0.0005,,G,0.0000000000000199,1579.427,963.363,[E2],,,0.00750,,63,89,Eu,,0,,3-,13.517,,9,Y,426554968.39856005,284012.333771328,EC+B+,72.08,0.13,1874.5,15,62,90,Sm,31-Aug-2013,M. J. MARTIN,2024-04-17
644.39,0.06,0.0066,0.0005,,G,0.000000000004,1730.207,1085.8408,[E1],,,0.00248,,63,89,Eu,,0,,3-,13.517,,9,Y,426554968.39856005,284012.333771328,EC+B+,72.08,0.13,1874.5,15,62,90,Sm,31-Aug-2013,M. J. MARTIN,2024-04-17
656.489,0.005,0.1441,0.0022,,G,0.00000000006,1022.969,366.4795,E0+M1+E2,,,0.0568,,63,89,Eu,,0,,3-,13.517,,9,Y,426554968.39856005,284012.333771328,EC+B+,72.08,0.13,1874.5,15,62,90,Sm,31-Aug-2013,M. J. MARTIN,2024-04-17
664.77,0.05,0.0099,0.0005,,G,,1371.721,706.91,[E2],,,0.00623,,63,89,Eu,,0,,3-,13.517,,9,Y,426554968.39856005,284012.333771328,EC+B+,72.08,0.13,1874.5,15,62,90,Sm,31-Aug-2013,M. J. MARTIN,2024-04-17
671.155,0.014,0.024,0.004,,G,0.000000000004,1757.001,1085.8408,,,,,,63,89,Eu,,0,,3-,13.517,,9,Y,426554968.39856005,284012.333771328,EC+B+,72.08,0.13,1874.5,15,62,90,Sm,31-Aug-2013,M. J. MARTIN,2024-04-17
674.64,0.14,0.169,0.003,0.000000000005,G,0.00000000006,1041.1217,366.4795,E1,,,0.00225,,63,89,Eu,,0,,3-,13.517,,9,Y,426554968.39856005,284012.333771328,EC+B+,72.08,0.13,1874.5,15,62,90,Sm,31-Aug-2013,M. J. MARTIN,2024-04-17
675,,0.0213,0.0008,,G,0.0000000000073,1605.596,930.546,M1+E2,2.2,4,0.0075,,63,89,Eu,,0,,3-,13.517,,9,Y,426554968.39856005,284012.333771328,B-,27.92,0.13,1818.8,7,64,88,Gd,31-Aug-2013,M. J. MARTIN,2024-04-17
678.623,0.005,0.473,0.004,,G,0.0000000000073,1434.020,755.3960,M1+E2,4.1,14,0.00680,,63,89,Eu,,0,,3-,13.517,,9,Y,426554968.39856005,284012.333771328,B-,27.92,0.13,1818.8,7,64,88,Gd,31-Aug-2013,M. J. MARTIN,2024-04-17
683.25,0.09,0.0047,0.0003,,G,0.000000000004,1769.130,1085.8408,,,,,,63,89,Eu,,0,,3-,13.517,,9,Y,426554968.39856005,284012.333771328,EC+B+,72.08,0.13,1874.5,15,62,90,Sm,31-Aug-2013,M. J. MARTIN,2024-04-17
686.6,0.05,0.0203,0.0007,,G,0.0000000000000199,1649.833,963.363,[M1 E2],,,0.0078,,63,89,Eu,,0,,3-,13.517,,9,Y,426554968.39856005,284012.333771328,EC+B+,72.08,0.13,1874.5,15,62,90,Sm,31-Aug-2013,M. J. MARTIN,2024-04-17
688.67,0.005,0.856,0.006,0.000000000007,G,0.000000001396,810.453,121.7818,E0+M1+E2,,,0.0409,,63,89,Eu,,0,,3-,13.517,,9,Y,426554968.39856005,284012.333771328,EC+B+,72.08,0.13,1874.5,15,62,90,Sm,31-Aug-2013,M. J. MARTIN,2024-04-17
696.87,0.19,0.016,0.008,,G,,,,,,,,,63,89,Eu,,0,,3-,13.517,,9,Y,426554968.39856005,284012.333771328,EC+B+,72.08,0.13,1874.5,15,62,90,Sm,31-Aug-2013,M. J. MARTIN,2024-04-17
703.01,,0.0039,0.0003,,G,0.000000000037,1318.456,615.415,[E2],,,0.00599,,63,89,Eu,,0,,3-,13.517,,9,Y,426554968.39856005,284012.333771328,B-,27.92,0.13,1818.8,7,64,88,Gd,31-Aug-2013,M. J. MARTIN,2024-04-17
703.55,0.06,0.0027,0.0003,,G,0.000000000032,1047.81,344.2789,,,,,,63,89,Eu,,0,,3-,13.517,,9,Y,426554968.39856005,284012.333771328,B-,27.92,0.13,1818.8,7,64,88,Gd,31-Aug-2013,M. J. MARTIN,2024-04-17
707.16,0.07,0.00142,0.00006,,G,,1730.207,1022.969,,,,,,63,89,Eu,,0,,3-,13.517,,9,Y,426554968.39856005,284012.333771328,EC+B+,72.08,0.13,1874.5,15,62,90,Sm,31-Aug-2013,M. J. MARTIN,2024-04-17
712.83,0.05,0.0955,0.0024,,G,0.0000000000073,1643.421,930.546,[E1],,,0.00220,,63,89,Eu,,0,,3-,13.517,,9,Y,426554968.39856005,284012.333771328,B-,27.92,0.13,1818.8,7,64,88,Gd,31-Aug-2013,M. J. MARTIN,2024-04-17
719.346,0.007,0.25,0.008,0.000000000004,G,0.00000000006,1085.8408,366.4795,(E2),,,0.00517,,63,89,Eu,,0,,3-,13.517,,9,Y,426554968.39856005,284012.333771328,EC+B+,72.08,0.13,1874.5,15,62,90,Sm,31-Aug-2013,M. J. MARTIN,2024-04-17
719.36,0.14,0.095,0.003,,G,0.000000000007,1529.8019,810.453,(E1),,,0.00197,,63,89,Eu,,0,,3-,13.517,,9,Y,426554968.39856005,284012.333771328,EC+B+,72.08,0.13,1874.5,15,62,90,Sm,31-Aug-2013,M. J. MARTIN,2024-04-17
728.04,0.04,0.0111,0.0004,,G,0.000000000005,1769.130,1041.1217,[E1],,,0.00192,,63,89,Eu,,0,,3-,13.517,,9,Y,426554968.39856005,284012.333771328,EC+B+,72.08,0.13,1874.5,15,62,90,Sm,31-Aug-2013,M. J. MARTIN,2024-04-17
734.14,0.12,0.0009,0.00013,,G,,1757.001,1022.969,,,,,,63,89,Eu,,0,,3-,13.517,,9,Y,426554968.39856005,284012.333771328,EC+B+,72.08,0.13,1874.5,15,62,90,Sm,31-Aug-2013,M. J. MARTIN,2024-04-17
735.43,0.08,0.00441,0.00019,,G,0.000000000005,1776.56,1041.1217,,,,,,63,89,Eu,,0,,3-,13.517,,9,Y,426554968.39856005,284012.333771328,EC+B+,72.08,0.13,1874.5,15,62,90,Sm,31-Aug-2013,M. J. MARTIN,2024-04-17
756.16,0.03,0.0044,0.0004,,G,,1779.119,1022.969,,,,,,63,89,Eu,,0,,3-,13.517,,9,Y,426554968.39856005,284012.333771328,EC+B+,72.08,0.13,1874.5,15,62,90,Sm,31-Aug-2013,M. J. MARTIN,2024-04-17
764.88,0.04,0.189,0.004,,G,0.000000000032,1109.200,344.2789,M1+E2(+E0),,,0.0070,,63,89,Eu,,0,,3-,13.517,,9,Y,426554968.39856005,284012.333771328,B-,27.92,0.13,1818.8,7,64,88,Gd,31-Aug-2013,M. J. MARTIN,2024-04-17
766.38,0.18,0.00069,0.00008,,G,0.0000000000000199,1730.207,963.363,,,,,,63,89,Eu,,0,,3-,13.517,,9,Y,426554968.39856005,284012.333771328,EC+B+,72.08,0.13,1874.5,15,62,90,Sm,31-Aug-2013,M. J. MARTIN,2024-04-17
768.96,0.04,0.082,0.004,,G,0.000000000007,1579.427,810.453,[E1],,,0.001719,,63,89,Eu,,0,,3-,13.517,,9,Y,426554968.39856005,284012.333771328,EC+B+,72.08,0.13,1874.5,15,62,90,Sm,31-Aug-2013,M. J. MARTIN,2024-04-17
778.9045,0.0024,12.93,0.08,,G,0.000000000032,1123.1855,344.2789,E1,,,0.00184,,63,89,Eu,,0,,3-,13.517,,9,Y,426554968.39856005,284012.333771328,B-,27.92,0.13,1818.8,7,64,88,Gd,31-Aug-2013,M. J. MARTIN,2024-04-17
794.78,0.05,0.0263,0.0016,,G,0.0000000000073,1550.17,755.3960,M1(+E2),-0.4,10,0.0075,,63,89,Eu,,0,,3-,13.517,,9,Y,426554968.39856005,284012.333771328,B-,27.92,0.13,1818.8,7,64,88,Gd,31-Aug-2013,M. J. MARTIN,2024-04-17
802,0.5,0.00041,0.00005,,G,0.000000000007,1612.88,810.453,,,,,,63,89,Eu,,0,,3-,13.517,,9,Y,426554968.39856005,284012.333771328,EC+B+,72.08,0.13,1874.5,15,62,90,Sm,31-Aug-2013,M. J. MARTIN,2024-04-17
805.71,0.09,0.0152,0.0006,,G,0.0000000000000199,1769.130,963.363,[E1],,,0.001565,,63,89,Eu,,0,,3-,13.517,,9,Y,426554968.39856005,284012.333771328,EC+B+,72.08,0.13,1874.5,15,62,90,Sm,31-Aug-2013,M. J. MARTIN,2024-04-17
810.451,0.005,0.317,0.003,0.000000000007,G,,810.453,0.0,E2,,,0.00393,,63,89,Eu,,0,,3-,13.517,,9,Y,426554968.39856005,284012.333771328,EC+B+,72.08,0.13,1874.5,15,62,90,Sm,31-Aug-2013,M. J. MARTIN,2024-04-17
813.21,0.06,0.0043,0.0004,,G,0.0000000000000199,1776.56,963.363,,,,,,63,89,Eu,,0,,3-,13.517,,9,Y,426554968.39856005,284012.333771328,EC+B+,72.08,0.13,1874.5,15,62,90,Sm,31-Aug-2013,M. J. MARTIN,2024-04-17
839.36,0.04,0.0177,0.0005,,G,0.000000000007,1649.833,810.453,[E1],,,0.001444,,63,89,Eu,,0,,3-,13.517,,9,Y,426554968.39856005,284012.333771328,EC+B+,72.08,0.13,1874.5,15,62,90,Sm,31-Aug-2013,M. J. MARTIN,2024-04-17
841.574,0.005,0.168,0.003,0.0000000000000199,G,0.000000001396,963.363,121.7818,E1,,,0.001436,,63,89,Eu,,0,,3-,13.517,,9,Y,426554968.39856005,284012.333771328,EC+B+,72.08,0.13,1874.5,15,62,90,Sm,31-Aug-2013,M. J. MARTIN,2024-04-17
850.1,0.13,0.00077,0.00008,,G,0.0000000000073,1605.596,755.3960,,,,,,63,89,Eu,,0,,3-,13.517,,9,Y,426554968.39856005,284012.333771328,B-,27.92,0.13,1818.8,7,64,88,Gd,31-Aug-2013,M. J. MARTIN,2024-04-17
855.21,0.07,0.00197,0.00013,,G,0.00000000006,1221.67,366.4795,,,,,,63,89,Eu,,0,,3-,13.517,,9,Y,426554968.39856005,284012.333771328,EC+B+,72.08,0.13,1874.5,15,62,90,Sm,31-Aug-2013,M. J. MARTIN,2024-04-17
867.38,0.003,4.23,0.03,0.000000000006,G,0.00000000006,1233.8626,366.4795,M1+E2,-6.2,5,0.00343,,63,89,Eu,,0,,3-,13.517,,9,Y,426554968.39856005,284012.333771328,EC+B+,72.08,0.13,1874.5,15,62,90,Sm,31-Aug-2013,M. J. MARTIN,2024-04-17
896.59,0.09,0.067,0.0021,,G,,,,,,,,,63,89,Eu,,0,,3-,13.517,,9,Y,426554968.39856005,284012.333771328,EC+B+,72.08,0.13,1874.5,15,62,90,Sm,31-Aug-2013,M. J. MARTIN,2024-04-17
901.19,0.05,0.0854,0.0024,,G,0.000000001396,1022.969,121.7818,E2,,,0.00311,,63,89,Eu,,0,,3-,13.517,,9,Y,426554968.39856005,284012.333771328,EC+B+,72.08,0.13,1874.5,15,62,90,Sm,31-Aug-2013,M. J. MARTIN,2024-04-17
906.06,0.1,0.0092,0.0004,,G,,1612.88,706.91,,,,,,63,89,Eu,,0,,3-,13.517,,9,Y,426554968.39856005,284012.333771328,EC+B+,72.08,0.13,1874.5,15,62,90,Sm,31-Aug-2013,M. J. MARTIN,2024-04-17
919.337,0.004,0.419,0.005,0.000000000005,G,0.000000001396,1041.1217,121.7818,E1,,,0.001210,,63,89,Eu,,0,,3-,13.517,,9,Y,426554968.39856005,284012.333771328,EC+B+,72.08,0.13,1874.5,15,62,90,Sm,31-Aug-2013,M. J. MARTIN,2024-04-17
919.74,0.04,0.0065,0.0004,,G,0.000000000007,1730.207,810.453,,,,,,63,89,Eu,,0,,3-,13.517,,9,Y,426554968.39856005,284012.333771328,EC+B+,72.08,0.13,1874.5,15,62,90,Sm,31-Aug-2013,M. J. MARTIN,2024-04-17
926.31,0.05,0.272,0.003,,G,0.00000000006,1292.753,366.4795,[E2],,,0.00293,,63,89,Eu,,0,,3-,13.517,,9,Y,426554968.39856005,284012.333771328,EC+B+,72.08,0.13,1874.5,15,62,90,Sm,31-Aug-2013,M. J. MARTIN,2024-04-17
930.59,0.05,0.0729,0.0019,0.0000000000073,G,,930.546,0.0,(E2),,,0.00320,,63,89,Eu,,0,,3-,13.517,,9,Y,426554968.39856005,284012.333771328,B-,27.92,0.13,1818.8,7,64,88,Gd,31-Aug-2013,M. J. MARTIN,2024-04-17
937.05,0.15,0.0027,0.0008,,G,0.0000000000073,1692.40,755.3960,[M1 E2],,,0.0043,,63,89,Eu,,0,,3-,13.517,,9,Y,426554968.39856005,284012.333771328,B-,27.92,0.13,1818.8,7,64,88,Gd,31-Aug-2013,M. J. MARTIN,2024-04-17
947.15,0.14,0.00109,0.00019,,G,0.000000000007,1757.001,810.453,,,,,,63,89,Eu,,0,,3-,13.517,,9,Y,426554968.39856005,284012.333771328,EC+B+,72.08,0.13,1874.5,15,62,90,Sm,31-Aug-2013,M. J. MARTIN,2024-04-17
958.63,0.05,0.0197,0.0011,,G,0.000000000007,1769.130,810.453,[M1 E2],,,0.0035,,63,89,Eu,,0,,3-,13.517,,9,Y,426554968.39856005,284012.333771328,EC+B+,72.08,0.13,1874.5,15,62,90,Sm,31-Aug-2013,M. J. MARTIN,2024-04-17
961.08,0.04,0.008,0.0021,,G,0.000000001396,1082.816,121.7818,,,,,,63,89,Eu,,0,,3-,13.517,,9,Y,426554968.39856005,284012.333771328,EC+B+,72.08,0.13,1874.5,15,62,90,Sm,31-Aug-2013,M. J. MARTIN,2024-04-17
963.367,0.007,0.14,0.006,0.0000000000000199,G,,963.363,0.0,[E1],,,0.001107,,63,89,Eu,,0,,3-,13.517,,9,Y,426554968.39856005,284012.333771328,EC+B+,72.08,0.13,1874.5,15,62,90,Sm,31-Aug-2013,M. J. MARTIN,2024-04-17
964.057,0.005,14.51,0.07,0.000000000004,G,0.000000001396,1085.8408,121.7818,M1+E2,-9.3,6,0.00271,,63,89,Eu,,0,,3-,13.517,,9,Y,426554968.39856005,284012.333771328,EC+B+,72.08,0.13,1874.5,15,62,90,Sm,31-Aug-2013,M. J. MARTIN,2024-04-17
968.65,0.04,0.00792,0.00022,,G,0.000000000007,1779.119,810.453,,,,,,63,89,Eu,,0,,3-,13.517,,9,Y,426554968.39856005,284012.333771328,EC+B+,72.08,0.13,1874.5,15,62,90,Sm,31-Aug-2013,M. J. MARTIN,2024-04-17
970.22,0.09,0.0012,0.0003,,G,0.000000000032,1314.640,344.2789,E1+M2,-0.021,12,0.001207,,63,89,Eu,,0,,3-,13.517,,9,Y,426554968.39856005,284012.333771328,B-,27.92,0.13,1818.8,7,64,88,Gd,31-Aug-2013,M. J. MARTIN,2024-04-17
974.09,0.05,0.0136,0.0008,,G,0.000000000032,1318.456,344.2789,M1+E2,0.58,7,0.0039,,63,89,Eu,,0,,3-,13.517,,9,Y,426554968.39856005,284012.333771328,B-,27.92,0.13,1818.8,7,64,88,Gd,31-Aug-2013,M. J. MARTIN,2024-04-17
990.18,0.05,0.0314,0.0013,,G,0.000000000037,1605.596,615.415,E2,,,0.00281,,63,89,Eu,,0,,3-,13.517,,9,Y,426554968.39856005,284012.333771328,B-,27.92,0.13,1818.8,7,64,88,Gd,31-Aug-2013,M. J. MARTIN,2024-04-17
1001.1,0.3,0.0045,0.0008,,G,,,,,,,,,63,89,Eu,,0,,3-,13.517,,9,Y,426554968.39856005,284012.333771328,EC+B+,72.08,0.13,1874.5,15,62,90,Sm,31-Aug-2013,M. J. MARTIN,2024-04-17
1005.27,0.05,0.659,0.011,,G,0.00000000006,1371.721,366.4795,M1+E2,-3.1,3,0.00259,,63,89,Eu,,0,,3-,13.517,,9,Y,426554968.39856005,284012.333771328,EC+B+,72.08,0.13,1874.5,15,62,90,Sm,31-Aug-2013,M. J. MARTIN,2024-04-17
1050.1,0.6,0.0007,0.0003,,G,,1757.001,706.91,,,,,,63,89,Eu,,0,,3-,13.517,,9,Y,426554968.39856005,284012.333771328,EC+B+,72.08,0.13,1874.5,15,62,90,Sm,31-Aug-2013,M. J. MARTIN,2024-04-17
1084,1,0.245,0.008,,G,,,,,,,,,63,89,Eu,,0,,3-,13.517,,9,Y,426554968.39856005,284012.333771328,EC+B+,72.08,0.13,1874.5,15,62,90,Sm,31-Aug-2013,M. J. MARTIN,2024-04-17
1084.38,0.11,0.0106,0.0008,,G,,1769.130,684.69,,,,,,63,89,Eu,,0,,3-,13.517,,9,Y,426554968.39856005,284012.333771328,EC+B+,72.08,0.13,1874.5,15,62,90,Sm,31-Aug-2013,M. J. MARTIN,2024-04-17
1085.837,0.01,10.11,0.05,0.000000000004,G,,1085.8408,0.0,E2,,,0.00209,,63,89,Eu,,0,,3-,13.517,,9,Y,426554968.39856005,284012.333771328,EC+B+,72.08,0.13,1874.5,15,62,90,Sm,31-Aug-2013,M. J. MARTIN,2024-04-17
1089.737,0.005,1.734,0.011,,G,0.000000000032,1434.020,344.2789,M1+E2,22,10,0.00231,,63,89,Eu,,0,,3-,13.517,,9,Y,426554968.39856005,284012.333771328,B-,27.92,0.13,1818.8,7,64,88,Gd,31-Aug-2013,M. J. MARTIN,2024-04-17
1109.18,0.05,0.189,0.006,,G,,1109.200,0.0,E2,,,0.00222,,63,89,Eu,,0,,3-,13.517,,9,Y,426554968.39856005,284012.333771328,B-,27.92,0.13,1818.8,7,64,88,Gd,31-Aug-2013,M. J. MARTIN,2024-04-17
1112.076,0.003,13.67,0.08,0.000000000006,G,0.000000001396,1233.8626,121.7818,M1+E2,-8.7,6,0.00201,,63,89,Eu,,0,,3-,13.517,,9,Y,426554968.39856005,284012.333771328,EC+B+,72.08,0.13,1874.5,15,62,90,Sm,31-Aug-2013,M. J. MARTIN,2024-04-17
1139,1,0.00125,0.00008,,G,,,,,,,,,63,89,Eu,,0,,3-,13.517,,9,Y,426554968.39856005,284012.333771328,EC+B+,72.08,0.13,1874.5,15,62,90,Sm,31-Aug-2013,M. J. MARTIN,2024-04-17
1170.97,0.09,0.0372,0.0016,,G,0.000000001396,1292.753,121.7818,[M1 E2],,,0.0023,,63,89,Eu,,0,,3-,13.517,,9,Y,426554968.39856005,284012.333771328,EC+B+,72.08,0.13,1874.5,15,62,90,Sm,31-Aug-2013,M. J. MARTIN,2024-04-17
1206.09,0.16,0.013,0.0013,,G,0.000000000032,1550.17,344.2789,[E2],,,0.00188,,63,89,Eu,,0,,3-,13.517,,9,Y,426554968.39856005,284012.333771328,B-,27.92,0.13,1818.8,7,64,88,Gd,31-Aug-2013,M. J. MARTIN,2024-04-17
1212.948,0.011,1.415,0.008,,G,0.00000000006,1579.427,366.4795,E1,,,0.000756,,63,89,Eu,,0,,3-,13.517,,9,Y,426554968.39856005,284012.333771328,EC+B+,72.08,0.13,1874.5,15,62,90,Sm,31-Aug-2013,M. J. MARTIN,2024-04-17
1246.34,0.16,0.00093,0.00013,,G,0.00000000006,1612.88,366.4795,,,,,,63,89,Eu,,0,,3-,13.517,,9,Y,426554968.39856005,284012.333771328,EC+B+,72.08,0.13,1874.5,15,62,90,Sm,31-Aug-2013,M. J. MARTIN,2024-04-17
1249.94,0.05,0.187,0.003,,G,0.000000001396,1371.721,121.7818,E2,,,0.001586,,63,89,Eu,,0,,3-,13.517,,9,Y,426554968.39856005,284012.333771328,EC+B+,72.08,0.13,1874.5,15,62,90,Sm,31-Aug-2013,M. J. MARTIN,2024-04-17
1261.35,0.05,0.0335,0.0013,,G,0.000000000032,1605.596,344.2789,M1,,,0.00265,,63,89,Eu,,0,,3-,13.517,,9,Y,426554968.39856005,284012.333771328,B-,27.92,0.13,1818.8,7,64,88,Gd,31-Aug-2013,M. J. MARTIN,2024-04-17
1292.78,0.05,0.101,0.003,,G,,1292.753,0.0,[E2],,,0.001491,,63,89,Eu,,0,,3-,13.517,,9,Y,426554968.39856005,284012.333771328,EC+B+,72.08,0.13,1874.5,15,62,90,Sm,31-Aug-2013,M. J. MARTIN,2024-04-17
1299.142,0.008,1.633,0.011,,G,0.000000000032,1643.421,344.2789,E1+M2,,,0.000788,,63,89,Eu,,0,,3-,13.517,,9,Y,426554968.39856005,284012.333771328,B-,27.92,0.13,1818.8,7,64,88,Gd,31-Aug-2013,M. J. MARTIN,2024-04-17
1314.6,,0.0019,0.0005,,G,,1314.640,0.0,E1,,,0.000773,,63,89,Eu,,0,,3-,13.517,,9,Y,426554968.39856005,284012.333771328,B-,27.92,0.13,1818.8,7,64,88,Gd,31-Aug-2013,M. J. MARTIN,2024-04-17
1315.58,0.16,0.00364,0.00016,,G,0.00000000006,1682.07,366.4795,,,,,,63,89,Eu,,0,,3-,13.517,,9,Y,426554968.39856005,284012.333771328,EC+B+,72.08,0.13,1874.5,15,62,90,Sm,31-Aug-2013,M. J. MARTIN,2024-04-17
1318.38,0.17,0.00157,0.00013,,G,,1318.456,0.0,,,,,,63,89,Eu,,0,,3-,13.517,,9,Y,426554968.39856005,284012.333771328,B-,27.92,0.13,1818.8,7,64,88,Gd,31-Aug-2013,M. J. MARTIN,2024-04-17
1348.1,0.07,0.0173,0.0008,,G,0.000000000032,1692.40,344.2789,M1+E2,-13,6,0.001541,,63,89,Eu,,0,,3-,13.517,,9,Y,426554968.39856005,284012.333771328,B-,27.92,0.13,1818.8,7,64,88,Gd,31-Aug-2013,M. J. MARTIN,2024-04-17
1363.78,0.05,0.0258,0.0006,,G,0.00000000006,1730.207,366.4795,(E1),,,,,63,89,Eu,,0,,3-,13.517,,9,Y,426554968.39856005,284012.333771328,EC+B+,72.08,0.13,1874.5,15,62,90,Sm,31-Aug-2013,M. J. MARTIN,2024-04-17
1390.5,0.12,0.00425,0.00016,,G,0.00000000006,1757.001,366.4795,,,,,,63,89,Eu,,0,,3-,13.517,,9,Y,426554968.39856005,284012.333771328,EC+B+,72.08,0.13,1874.5,15,62,90,Sm,31-Aug-2013,M. J. MARTIN,2024-04-17
1408.013,0.003,20.87,0.09,,G,0.000000001396,1529.8019,121.7818,E1+M2,0.043,3,0.000707,,63,89,Eu,,0,,3-,13.517,,9,Y,426554968.39856005,284012.333771328,EC+B+,72.08,0.13,1874.5,15,62,90,Sm,31-Aug-2013,M. J. MARTIN,2024-04-17
1455.1,0.3,0.0025,0.0005,,G,0.00000000006,1822.03,366.4795,,,,,,63,89,Eu,,0,,3-,13.517,,9,Y,426554968.39856005,284012.333771328,EC+B+,72.08,0.13,1874.5,15,62,90,Sm,31-Aug-2013,M. J. MARTIN,2024-04-17
1457.643,0.011,0.497,0.004,,G,0.000000001396,1579.427,121.7818,E1,,,0.000703,,63,89,Eu,,0,,3-,13.517,,9,Y,426554968.39856005,284012.333771328,EC+B+,72.08,0.13,1874.5,15,62,90,Sm,31-Aug-2013,M. J. MARTIN,2024-04-17
1485.9,0.3,0.0056,0.0024,,G,,,,,,,,,63,89,Eu,,0,,3-,13.517,,9,Y,426554968.39856005,284012.333771328,EC+B+,72.08,0.13,1874.5,15,62,90,Sm,31-Aug-2013,M. J. MARTIN,2024-04-17
1491.4,0.8,0.0006,0.0003,,G,0.000000001396,1612.88,121.7818,,,,,,63,89,Eu,,0,,3-,13.517,,9,Y,426554968.39856005,284012.333771328,EC+B+,72.08,0.13,1874.5,15,62,90,Sm,31-Aug-2013,M. J. MARTIN,2024-04-17
1528.1,0.04,0.279,0.003,,G,0.000000001396,1649.833,121.7818,E1,,,0.000715,,63,89,Eu,,0,,3-,13.517,,9,Y,426554968.39856005,284012.333771328,EC+B+,72.08,0.13,1874.5,15,62,90,Sm,31-Aug-2013,M. J. MARTIN,2024-04-17
1605.62,0.07,0.0079,0.0004,,G,,1605.596,0.0,E2,,,0.001190,,63,89,Eu,,0,,3-,13.517,,9,Y,426554968.39856005,284012.333771328,B-,27.92,0.13,1818.8,7,64,88,Gd,31-Aug-2013,M. J. MARTIN,2024-04-17
1608.36,0.07,0.0054,0.00021,,G,0.000000001396,1730.207,121.7818,E1,,,0.000735,,63,89,Eu,,0,,3-,13.517,,9,Y,426554968.39856005,284012.333771328,EC+B+,72.08,0.13,1874.5,15,62,90,Sm,31-Aug-2013,M. J. MARTIN,2024-04-17
1635.38,0.2,0.00016,0.00004,,G,0.000000001396,1757.001,121.7818,,,,,,63,89,Eu,,0,,3-,13.517,,9,Y,426554968.39856005,284012.333771328,EC+B+,72.08,0.13,1874.5,15,62,90,Sm,31-Aug-2013,M. J. MARTIN,2024-04-17
1647.44,0.12,0.0073,0.0003,,G,0.000000001396,1769.130,121.7818,E2(+M1),0.6,GT,0.00117,,63,89,Eu,,0,,3-,13.517,,9,Y,426554968.39856005,284012.333771328,EC+B+,72.08,0.13,1874.5,15,62,90,Sm,31-Aug-2013,M. J. MARTIN,2024-04-17
1674.31,0.06,0.0061,0.0008,,G,,,,,,,,,63,89,Eu,,0,,3-,13.517,,9,Y,426554968.39856005,284012.333771328,EC+B+,72.08,0.13,1874.5,15,62,90,Sm,31-Aug-2013,M. J. MARTIN,2024-04-17
1698.1,0.4,0.0058,0.0019,,G,,,,,,,,,63,89,Eu,,0,,3-,13.517,,9,Y,426554968.39856005,284012.333771328,EC+B+,72.08,0.13,1874.5,15,62,90,Sm,31-Aug-2013,M. J. MARTIN,2024-04-17
1769.09,0.04,0.00931,0.00022,,G,,1769.130,0.0,E2,,,0.000989,,63,89,Eu,,0,,3-,13.517,,9,Y,426554968.39856005,284012.333771328,EC+B+,72.08,0.13,1874.5,15,62,90,Sm,31-Aug-2013,M. J. MARTIN,2024-04-17
117.3,0.3,0.0021,0.0003,,G,,1047.87,930.63,E2,,,1.410,,63,89,Eu,,45.5998,0.0004,0-,9.3116,,13,h,33521.76,4.68,B-,73,3,1818.8,7,64,88,Gd,31-Aug-2013,M. J. MARTIN,2024-04-17
119.44,0.15,0.0103,0.0014,,G,,1082.88,963.40,,,,,,63,89,Eu,,45.5998,0.0004,0-,9.3116,,13,h,33521.76,4.68,EC+B+,27,3,1874.5,15,62,90,Sm,31-Aug-2013,M. J. MARTIN,2024-04-17
121.77,0.03,7,0.8,0.00000000143,G,,121.78,0.0,E2,,,1.155,,63,89,Eu,,45.5998,0.0004,0-,9.3116,,13,h,33521.76,4.68,EC+B+,27,3,1874.5,15,62,90,Sm,31-Aug-2013,M. J. MARTIN,2024-04-17
125.43,0.17,0.00035,0.00006,,G,,810.44,684.76,,,,,,63,89,Eu,,45.5998,0.0004,0-,9.3116,,13,h,33521.76,4.68,EC+B+,27,3,1874.5,15,62,90,Sm,31-Aug-2013,M. J. MARTIN,2024-04-17
152.77,0.16,0.0018,0.0003,,G,,963.40,810.44,[E1],,,0.0872,,63,89,Eu,,45.5998,0.0004,0-,9.3116,,13,h,33521.76,4.68,EC+B+,27,3,1874.5,15,62,90,Sm,31-Aug-2013,M. J. MARTIN,2024-04-17
160,0.5,0.0007,0.0004,,G,,,,,,,,,63,89,Eu,,45.5998,0.0004,0-,9.3116,,13,h,33521.76,4.68,EC+B+,27,3,1874.5,15,62,90,Sm,31-Aug-2013,M. J. MARTIN,2024-04-17
191.6,0.3,0.0007,0.0004,,G,,1314.62,1123.13,[E2],,,0.256,,63,89,Eu,,45.5998,0.0004,0-,9.3116,,13,h,33521.76,4.68,B-,73,3,1818.8,7,64,88,Gd,31-Aug-2013,M. J. MARTIN,2024-04-17
218.1,0.15,0.0006,0.0001,,G,,1510.79,1292.66,,,,,,63,89,Eu,,45.5998,0.0004,0-,9.3116,,13,h,33521.76,4.68,EC+B+,27,3,1874.5,15,62,90,Sm,31-Aug-2013,M. J. MARTIN,2024-04-17
218.1,0.3,0.00004,0.00003,,G,,,,,,,,,63,89,Eu,,45.5998,0.0004,0-,9.3116,,13,h,33521.76,4.68,EC+B+,27,3,1874.5,15,62,90,Sm,31-Aug-2013,M. J. MARTIN,2024-04-17
244.66,0.03,0.023,0.003,,G,0.00000000143,366.45,121.78,E2,,,0.1074,,63,89,Eu,,45.5998,0.0004,0-,9.3116,,13,h,33521.76,4.68,EC+B+,27,3,1874.5,15,62,90,Sm,31-Aug-2013,M. J. MARTIN,2024-04-17
256.99,0.22,0.001,0.0004,,G,,,,,,,,,63,89,Eu,,45.5998,0.0004,0-,9.3116,,13,h,33521.76,4.68,EC+B+,27,3,1874.5,15,62,90,Sm,31-Aug-2013,M. J. MARTIN,2024-04-17
266.92,0.22,0.0011,0.0006,,G,,1314.62,1047.87,[E1],,,0.0214,,63,89,Eu,,45.5998,0.0004,0-,9.3116,,13,h,33521.76,4.68,B-,73,3,1818.8,7,64,88,Gd,31-Aug-2013,M. J. MARTIN,2024-04-17
271.13,0.05,0.075,0.012,,G,,615.37,344.29,E2,,,0.0826,,63,89,Eu,,45.5998,0.0004,0-,9.3116,,13,h,33521.76,4.68,B-,73,3,1818.8,7,64,88,Gd,31-Aug-2013,M. J. MARTIN,2024-04-17
272.43,0.05,0.0099,0.0013,,G,,1082.88,810.44,(E2),,,0.0761,,63,89,Eu,,45.5998,0.0004,0-,9.3116,,13,h,33521.76,4.68,EC+B+,27,3,1874.5,15,62,90,Sm,31-Aug-2013,M. J. MARTIN,2024-04-17
278.7,0.3,,,,G,,963.40,684.76,[E1],,,0.0177,,63,89,Eu,,45.5998,0.0004,0-,9.3116,,13,h,33521.76,4.68,EC+B+,27,3,1874.5,15,62,90,Sm,31-Aug-2013,M. J. MARTIN,2024-04-17
329.4,,,,,G,,1292.66,963.40,,,,,,63,89,Eu,,45.5998,0.0004,0-,9.3116,,13,h,33521.76,4.68,EC+B+,27,3,1874.5,15,62,90,Sm,31-Aug-2013,M. J. MARTIN,2024-04-17
340.1,0.3,0.005,0.0019,,G,,,,,,,,,63,89,Eu,,45.5998,0.0004,0-,9.3116,,13,h,33521.76,4.68,EC+B+,27,3,1874.5,15,62,90,Sm,31-Aug-2013,M. J. MARTIN,2024-04-17
344.29,0.03,2.4,0.4,,G,,344.29,0.0,E2,,,0.0397,,63,89,Eu,,45.5998,0.0004,0-,9.3116,,13,h,33521.76,4.68,B-,73,3,1818.8,7,64,88,Gd,31-Aug-2013,M. J. MARTIN,2024-04-17
387.8,0.3,0.0007,0.0004,,G,,,,,,,,,63,89,Eu,,45.5998,0.0004,0-,9.3116,,13,h,33521.76,4.68,EC+B+,27,3,1874.5,15,62,90,Sm,31-Aug-2013,M. J. MARTIN,2024-04-17
388.3,0.5,0.00011,0.00004,,G,,1680.55,1292.66,,,,,,63,89,Eu,,45.5998,0.0004,0-,9.3116,,13,h,33521.76,4.68,EC+B+,27,3,1874.5,15,62,90,Sm,31-Aug-2013,M. J. MARTIN,2024-04-17
398,0.15,,,,G,,1082.88,684.76,E0,,,,,63,89,Eu,,45.5998,0.0004,0-,9.3116,,13,h,33521.76,4.68,EC+B+,27,3,1874.5,15,62,90,Sm,31-Aug-2013,M. J. MARTIN,2024-04-17
412,0.3,0.0007,0.0004,,G,,1460.54,1047.87,,,,,,63,89,Eu,,45.5998,0.0004,0-,9.3116,,13,h,33521.76,4.68,B-,73,3,1818.8,7,64,88,Gd,31-Aug-2013,M. J. MARTIN,2024-04-17
424.3,0.4,0.00017,0.00007,,G,,1510.79,1086.1,,,,,,63,89,Eu,,45.5998,0.0004,0-,9.3116,,13,h,33521.76,4.68,EC+B+,27,3,1874.5,15,62,90,Sm,31-Aug-2013,M. J. MARTIN,2024-04-17
427.9,,0.000085,0.00001,,G,,1510.79,1082.88,,,,,,63,89,Eu,,45.5998,0.0004,0-,9.3116,,13,h,33521.76,4.68,EC+B+,27,3,1874.5,15,62,90,Sm,31-Aug-2013,M. J. MARTIN,2024-04-17
432.52,0.1,,,,G,,1047.87,615.37,E0,,,,,63,89,Eu,,45.5998,0.0004,0-,9.3116,,13,h,33521.76,4.68,B-,73,3,1818.8,7,64,88,Gd,31-Aug-2013,M. J. MARTIN,2024-04-17
443.96,0.04,0.021,0.003,,G,,810.44,366.45,(E2),,,0.01772,,63,89,Eu,,45.5998,0.0004,0-,9.3116,,13,h,33521.76,4.68,EC+B+,27,3,1874.5,15,62,90,Sm,31-Aug-2013,M. J. MARTIN,2024-04-17
469.97,0.2,0.00055,0.00011,,G,,1510.79,1041.11,,,,,,63,89,Eu,,45.5998,0.0004,0-,9.3116,,13,h,33521.76,4.68,EC+B+,27,3,1874.5,15,62,90,Sm,31-Aug-2013,M. J. MARTIN,2024-04-17
547.36,0.08,0.0095,0.0012,,G,,1510.79,963.40,[M1 E2],,,0.014,,63,89,Eu,,45.5998,0.0004,0-,9.3116,,13,h,33521.76,4.68,EC+B+,27,3,1874.5,15,62,90,Sm,31-Aug-2013,M. J. MARTIN,2024-04-17
562.98,0.03,0.22,0.03,,G,0.00000000143,684.76,121.78,E2,,,0.00941,,63,89,Eu,,45.5998,0.0004,0-,9.3116,,13,h,33521.76,4.68,EC+B+,27,3,1874.5,15,62,90,Sm,31-Aug-2013,M. J. MARTIN,2024-04-17
586.36,0.13,0.0127,0.0022,,G,,930.63,344.29,,,,,,63,89,Eu,,45.5998,0.0004,0-,9.3116,,13,h,33521.76,4.68,B-,73,3,1818.8,7,64,88,Gd,31-Aug-2013,M. J. MARTIN,2024-04-17
594.7,0.4,0.00034,0.00011,,G,,1680.55,1086.1,,,,,,63,89,Eu,,45.5998,0.0004,0-,9.3116,,13,h,33521.76,4.68,EC+B+,27,3,1874.5,15,62,90,Sm,31-Aug-2013,M. J. MARTIN,2024-04-17
597.5,0.14,0.00069,0.00013,,G,,1680.55,1082.88,,,,,,63,89,Eu,,45.5998,0.0004,0-,9.3116,,13,h,33521.76,4.68,EC+B+,27,3,1874.5,15,62,90,Sm,31-Aug-2013,M. J. MARTIN,2024-04-17
615.44,0.2,,,,G,,615.37,0.0,E0,,,,,63,89,Eu,,45.5998,0.0004,0-,9.3116,,13,h,33521.76,4.68,B-,73,3,1818.8,7,64,88,Gd,31-Aug-2013,M. J. MARTIN,2024-04-17
632.8,0.3,0.0011,0.0007,,G,,1756.04,1123.13,,,,,,63,89,Eu,,45.5998,0.0004,0-,9.3116,,13,h,33521.76,4.68,B-,73,3,1818.8,7,64,88,Gd,31-Aug-2013,M. J. MARTIN,2024-04-17
639.15,0.14,0.00051,0.00011,,G,,1680.55,1041.11,,,,,,63,89,Eu,,45.5998,0.0004,0-,9.3116,,13,h,33521.76,4.68,EC+B+,27,3,1874.5,15,62,90,Sm,31-Aug-2013,M. J. MARTIN,2024-04-17
646.9,0.3,0.0007,0.0004,,G,,1756.04,1109.1,,,,,,63,89,Eu,,45.5998,0.0004,0-,9.3116,,13,h,33521.76,4.68,B-,73,3,1818.8,7,64,88,Gd,31-Aug-2013,M. J. MARTIN,2024-04-17
674.46,0.16,0.00036,0.00005,,G,,1041.11,366.45,,,,,,63,89,Eu,,45.5998,0.0004,0-,9.3116,,13,h,33521.76,4.68,EC+B+,27,3,1874.5,15,62,90,Sm,31-Aug-2013,M. J. MARTIN,2024-04-17
684.85,0.2,,,,G,,684.76,0.0,E0,,,,,63,89,Eu,,45.5998,0.0004,0-,9.3116,,13,h,33521.76,4.68,EC+B+,27,3,1874.5,15,62,90,Sm,31-Aug-2013,M. J. MARTIN,2024-04-17
688.68,0.05,0.065,0.008,,G,0.00000000143,810.44,121.78,E0+M1+E2,,,0.0077,,63,89,Eu,,45.5998,0.0004,0-,9.3116,,13,h,33521.76,4.68,EC+B+,27,3,1874.5,15,62,90,Sm,31-Aug-2013,M. J. MARTIN,2024-04-17
699.28,0.04,0.071,0.011,,G,,1314.62,615.37,,,,,,63,89,Eu,,45.5998,0.0004,0-,9.3116,,13,h,33521.76,4.68,B-,73,3,1818.8,7,64,88,Gd,31-Aug-2013,M. J. MARTIN,2024-04-17
700.28,0.14,0.0103,0.0014,,G,,1510.79,810.44,[E1],,,0.00208,,63,89,Eu,,45.5998,0.0004,0-,9.3116,,13,h,33521.76,4.68,EC+B+,27,3,1874.5,15,62,90,Sm,31-Aug-2013,M. J. MARTIN,2024-04-17
703.55,0.06,0.064,0.01,,G,,1047.87,344.29,E2,,,0.00598,,63,89,Eu,,45.5998,0.0004,0-,9.3116,,13,h,33521.76,4.68,B-,73,3,1818.8,7,64,88,Gd,31-Aug-2013,M. J. MARTIN,2024-04-17
703.7,0.3,0.0007,0.0004,,G,,,,,,,,,63,89,Eu,,45.5998,0.0004,0-,9.3116,,13,h,33521.76,4.68,EC+B+,27,3,1874.5,15,62,90,Sm,31-Aug-2013,M. J. MARTIN,2024-04-17
716.84,0.21,0.00119,0.00023,,G,,1680.55,963.40,,,,,,63,89,Eu,,45.5998,0.0004,0-,9.3116,,13,h,33521.76,4.68,EC+B+,27,3,1874.5,15,62,90,Sm,31-Aug-2013,M. J. MARTIN,2024-04-17
764.9,,0.00037,0.00023,,G,,1109.1,344.29,,,,,,63,89,Eu,,45.5998,0.0004,0-,9.3116,,13,h,33521.76,4.68,B-,73,3,1818.8,7,64,88,Gd,31-Aug-2013,M. J. MARTIN,2024-04-17
778.9,,0.002,0.001,,G,,1123.13,344.29,,,,,,63,89,Eu,,45.5998,0.0004,0-,9.3116,,13,h,33521.76,4.68,B-,73,3,1818.8,7,64,88,Gd,31-Aug-2013,M. J. MARTIN,2024-04-17
796.1,0.3,0.0034,0.0015,,G,,,,,,,,,63,89,Eu,,45.5998,0.0004,0-,9.3116,,13,h,33521.76,4.68,EC+B+,27,3,1874.5,15,62,90,Sm,31-Aug-2013,M. J. MARTIN,2024-04-17
810.49,0.07,0.024,0.003,,G,,810.44,0.0,(E2),,,0.00393,,63,89,Eu,,45.5998,0.0004,0-,9.3116,,13,h,33521.76,4.68,EC+B+,27,3,1874.5,15,62,90,Sm,31-Aug-2013,M. J. MARTIN,2024-04-17
825.5,0.3,0.0007,0.0004,,G,,1756.04,930.63,,,,,,63,89,Eu,,45.5998,0.0004,0-,9.3116,,13,h,33521.76,4.68,B-,73,3,1818.8,7,64,88,Gd,31-Aug-2013,M. J. MARTIN,2024-04-17
826.01,0.06,0.029,0.004,,G,,1510.79,684.76,,,,,,63,89,Eu,,45.5998,0.0004,0-,9.3116,,13,h,33521.76,4.68,EC+B+,27,3,1874.5,15,62,90,Sm,31-Aug-2013,M. J. MARTIN,2024-04-17
841.63,0.04,14.2,1.6,,G,0.00000000143,963.40,121.78,E1,,,1.44E-3,,63,89,Eu,,45.5998,0.0004,0-,9.3116,,13,h,33521.76,4.68,EC+B+,27,3,1874.5,15,62,90,Sm,31-Aug-2013,M. J. MARTIN,2024-04-17
845.4,0.5,0.009,0.0019,,G,,1460.54,615.37,,,,,,63,89,Eu,,45.5998,0.0004,0-,9.3116,,13,h,33521.76,4.68,B-,73,3,1818.8,7,64,88,Gd,31-Aug-2013,M. J. MARTIN,2024-04-17
870.14,0.05,0.09,0.01,,G,,1680.55,810.44,,,,,,63,89,Eu,,45.5998,0.0004,0-,9.3116,,13,h,33521.76,4.68,EC+B+,27,3,1874.5,15,62,90,Sm,31-Aug-2013,M. J. MARTIN,2024-04-17
915.7,0.4,0.0099,0.0018,,G,,,,,,,,,63,89,Eu,,45.5998,0.0004,0-,9.3116,,13,h,33521.76,4.68,EC+B+,27,3,1874.5,15,62,90,Sm,31-Aug-2013,M. J. MARTIN,2024-04-17
919.27,0.24,0.00064,0.00012,,G,0.00000000143,1041.11,121.78,,,,,,63,89,Eu,,45.5998,0.0004,0-,9.3116,,13,h,33521.76,4.68,EC+B+,27,3,1874.5,15,62,90,Sm,31-Aug-2013,M. J. MARTIN,2024-04-17
926.3,,,,,G,,1292.66,366.45,,,,,,63,89,Eu,,45.5998,0.0004,0-,9.3116,,13,h,33521.76,4.68,EC+B+,27,3,1874.5,15,62,90,Sm,31-Aug-2013,M. J. MARTIN,2024-04-17
961.14,0.14,0.128,0.016,,G,0.00000000143,1082.88,121.78,[E2],,,0.00270,,63,89,Eu,,45.5998,0.0004,0-,9.3116,,13,h,33521.76,4.68,EC+B+,27,3,1874.5,15,62,90,Sm,31-Aug-2013,M. J. MARTIN,2024-04-17
963.38,0.04,11.6,1.3,,G,,963.40,0.0,[E1],,,1.11E-3,,63,89,Eu,,45.5998,0.0004,0-,9.3116,,13,h,33521.76,4.68,EC+B+,27,3,1874.5,15,62,90,Sm,31-Aug-2013,M. J. MARTIN,2024-04-17
964.1,,,,,G,0.00000000143,1086.1,121.78,,,,,,63,89,Eu,,45.5998,0.0004,0-,9.3116,,13,h,33521.76,4.68,EC+B+,27,3,1874.5,15,62,90,Sm,31-Aug-2013,M. J. MARTIN,2024-04-17
970.333,0.009,0.56,0.09,,G,,1314.62,344.29,E1+M2,-0.021,12,1.21E-3,,63,89,Eu,,45.5998,0.0004,0-,9.3116,,13,h,33521.76,4.68,B-,73,3,1818.8,7,64,88,Gd,31-Aug-2013,M. J. MARTIN,2024-04-17
995.84,0.05,0.065,0.008,,G,,1680.55,684.76,,,,,,63,89,Eu,,45.5998,0.0004,0-,9.3116,,13,h,33521.76,4.68,EC+B+,27,3,1874.5,15,62,90,Sm,31-Aug-2013,M. J. MARTIN,2024-04-17
1039.2,0.5,0.0081,0.0019,,G,,,,,,,,,63,89,Eu,,45.5998,0.0004,0-,9.3116,,13,h,33521.76,4.68,EC+B+,27,3,1874.5,15,62,90,Sm,31-Aug-2013,M. J. MARTIN,2024-04-17
1048.1,0.3,,,,G,,1047.87,0.0,E0,,,,,63,89,Eu,,45.5998,0.0004,0-,9.3116,,13,h,33521.76,4.68,B-,73,3,1818.8,7,64,88,Gd,31-Aug-2013,M. J. MARTIN,2024-04-17
1082.8,0.5,,,,G,,1082.88,0.0,E0,,,,,63,89,Eu,,45.5998,0.0004,0-,9.3116,,13,h,33521.76,4.68,EC+B+,27,3,1874.5,15,62,90,Sm,31-Aug-2013,M. J. MARTIN,2024-04-17
1085.9,,,,,G,,1086.1,0.0,,,,,,63,89,Eu,,45.5998,0.0004,0-,9.3116,,13,h,33521.76,4.68,EC+B+,27,3,1874.5,15,62,90,Sm,31-Aug-2013,M. J. MARTIN,2024-04-17
1109.2,,0.00034,0.00019,,G,,1109.1,0.0,(E2),,,0.00222,,63,89,Eu,,45.5998,0.0004,0-,9.3116,,13,h,33521.76,4.68,B-,73,3,1818.8,7,64,88,Gd,31-Aug-2013,M. J. MARTIN,2024-04-17
1116,1,0.001,0.0006,,G,,1460.54,344.29,,,,,,63,89,Eu,,45.5998,0.0004,0-,9.3116,,13,h,33521.76,4.68,B-,73,3,1818.8,7,64,88,Gd,31-Aug-2013,M. J. MARTIN,2024-04-17
1137.5,0.3,0.013,0.009,,G,,,,,,,,,63,89,Eu,,45.5998,0.0004,0-,9.3116,,13,h,33521.76,4.68,EC+B+,27,3,1874.5,15,62,90,Sm,31-Aug-2013,M. J. MARTIN,2024-04-17
1207.3,0.6,0.0028,0.001,,G,,,,,,,,,63,89,Eu,,45.5998,0.0004,0-,9.3116,,13,h,33521.76,4.68,EC+B+,27,3,1874.5,15,62,90,Sm,31-Aug-2013,M. J. MARTIN,2024-04-17
1292.8,,,,,G,,1292.66,0.0,,,,,,63,89,Eu,,45.5998,0.0004,0-,9.3116,,13,h,33521.76,4.68,EC+B+,27,3,1874.5,15,62,90,Sm,31-Aug-2013,M. J. MARTIN,2024-04-17
1314.61,0.06,0.93,0.14,,G,,1314.62,0.0,E1,,,7.73E-4,,63,89,Eu,,45.5998,0.0004,0-,9.3116,,13,h,33521.76,4.68,B-,73,3,1818.8,7,64,88,Gd,31-Aug-2013,M. J. MARTIN,2024-04-17
1389.03,0.04,0.82,0.09,,G,0.00000000143,1510.79,121.78,E1+M2,-0.025,12,7.03E-4,,63,89,Eu,,45.5998,0.0004,0-,9.3116,,13,h,33521.76,4.68,EC+B+,27,3,1874.5,15,62,90,Sm,31-Aug-2013,M. J. MARTIN,2024-04-17
1406.5,0.5,0.0007,0.0004,,G,,,,,,,,,63,89,Eu,,45.5998,0.0004,0-,9.3116,,13,h,33521.76,4.68,EC+B+,27,3,1874.5,15,62,90,Sm,31-Aug-2013,M. J. MARTIN,2024-04-17
1411.76,0.05,0.045,0.007,,G,,1756.04,344.29,,,,,,63,89,Eu,,45.5998,0.0004,0-,9.3116,,13,h,33521.76,4.68,B-,73,3,1818.8,7,64,88,Gd,31-Aug-2013,M. J. MARTIN,2024-04-17
1420,1,0.0006,0.0004,,G,,,,,,,,,63,89,Eu,,45.5998,0.0004,0-,9.3116,,13,h,33521.76,4.68,EC+B+,27,3,1874.5,15,62,90,Sm,31-Aug-2013,M. J. MARTIN,2024-04-17
1460.65,0.13,0.0016,0.0005,,G,,1460.54,0.0,,,,,,63,89,Eu,,45.5998,0.0004,0-,9.3116,,13,h,33521.76,4.68,B-,73,3,1818.8,7,64,88,Gd,31-Aug-2013,M. J. MARTIN,2024-04-17
1510.77,0.05,0.0065,0.0008,,G,,1510.79,0.0,,,,,,63,89,Eu,,45.5998,0.0004,0-,9.3116,,13,h,33521.76,4.68,EC+B+,27,3,1874.5,15,62,90,Sm,31-Aug-2013,M. J. MARTIN,2024-04-17
1558.74,0.06,0.0081,0.001,,G,0.00000000143,1680.55,121.78,,,,,,63,89,Eu,,45.5998,0.0004,0-,9.3116,,13,h,33521.76,4.68,EC+B+,27,3,1874.5,15,62,90,Sm,31-Aug-2013,M. J. MARTIN,2024-04-17
1680.62,0.1,0.0055,0.0007,,G,,1680.55,0.0,,,,,,63,89,Eu,,45.5998,0.0004,0-,9.3116,,13,h,33521.76,4.68,EC+B+,27,3,1874.5,15,62,90,Sm,31-Aug-2013,M. J. MARTIN,2024-04-17
1755.98,0.07,0.0029,0.0005,,G,,1756.04,0.0,,,,,,63,89,Eu,,45.5998,0.0004,0-,9.3116,,13,h,33521.76,4.68,B-,73,3,1818.8,7,64,88,Gd,31-Aug-2013,M. J. MARTIN,2024-04-17
12.598,0.015,0.28577,0.03491024205014912,0.000000384,G,0.000000038,89.849,77.23,[E1],,,14.70,,63,89,Eu,,147.86,0.1,8-,96,,1,m,5760,60,IT,100,,,,63,89,Eu,31-Aug-2013,M. J. MARTIN,2024-04-17
18.21,0.04,1.2546,0.20929359760871807,0.00000002,G,0.000000384,108.06,89.849,M1+E2,0.042,9,51,,63,89,Eu,,147.86,0.1,8-,96,,1,m,5760,60,IT,100,,,,63,89,Eu,31-Aug-2013,M. J. MARTIN,2024-04-17
39.75,0.1,0.0134,0.0003,5760,G,0.00000002,147.81,108.06,E3,,,7.49E3,,63,89,Eu,,147.86,0.1,8-,96,,1,m,5760,60,IT,100,,,,63,89,Eu,31-Aug-2013,M. J. MARTIN,2024-04-17
77.23,0.04,0.68306,0.049035437185774126,0.000000038,G,,77.23,0.0,M1+E2,0.10,3,3.91,,63,89,Eu,,147.86,0.1,8-,96,,1,m,5760,60,IT,100,,,,63,89,Eu,31-Aug-2013,M. J. MARTIN,2024-04-17
89.849,0.006,69.7,0.5,0.000000384,G,,89.849,0.0,E1,,,0.379,,63,89,Eu,,147.86,0.1,8-,96,,1,m,5760,60,IT,100,,,,63,89,Eu,31-Aug-2013,M. J. MARTIN,2024-04-17
511,,0.0512,,,X,,,,,,,,,63,89,Eu,,0,,3-,13.517,,9,Y,426554968.39856005,284012.333771328,EC+B+,72.08,0.13,1874.5,15,62,90,Sm,31-Aug-2013,M. J. MARTIN,2024-04-17
511,,0.0142,,,X,,,,,,,,,63,89,Eu,,45.5998,0.0004,0-,9.3116,,13,h,33521.76,4.68,EC+B+,27,3,1874.5,15,62,90,Sm,31-Aug-2013,M. J. MARTIN,2024-04-17
6.354,,14,0.5,,X,,,,,,,,,63,89,Eu,,0,,3-,13.517,,9,Y,426554968.39856005,284012.333771328,EC+B+,72.08,0.13,1874.5,15,62,90,Sm,31-Aug-2013,M. J. MARTIN,2024-04-17
6.858,,0.17268725562792,0.0063408309034774565,,X,,,,,,,,,63,89,Eu,,0,,3-,13.517,,9,Y,426554968.39856005,284012.333771328,B-,27.92,0.13,1818.8,7,64,88,Gd,31-Aug-2013,M. J. MARTIN,2024-04-17
39.522,,20.87,0.2,,X,,,,,,,,,63,89,Eu,,0,,3-,13.517,,9,Y,426554968.39856005,284012.333771328,EC+B+,72.08,0.13,1874.5,15,62,90,Sm,31-Aug-2013,M. J. MARTIN,2024-04-17
40.117,,37.8,0.3,,X,,,,,,,,,63,89,Eu,,0,,3-,13.517,,9,Y,426554968.39856005,284012.333771328,EC+B+,72.08,0.13,1874.5,15,62,90,Sm,31-Aug-2013,M. J. MARTIN,2024-04-17
42.308,,0.24439917023423138,0.004265637315553873,,X,,,,,,,,,63,89,Eu,,0,,3-,13.517,,9,Y,426554968.39856005,284012.333771328,B-,27.92,0.13,1818.8,7,64,88,Gd,31-Aug-2013,M. J. MARTIN,2024-04-17
42.996,,0.439645925947529,0.007414287895584972,,X,,,,,,,,,63,89,Eu,,0,,3-,13.517,,9,Y,426554968.39856005,284012.333771328,B-,27.92,0.13,1818.8,7,64,88,Gd,31-Aug-2013,M. J. MARTIN,2024-04-17
45.523,,11.81,0.16,,X,,,,,,,,,63,89,Eu,,0,,3-,13.517,,9,Y,426554968.39856005,284012.333771328,EC+B+,72.08,0.13,1874.5,15,62,90,Sm,31-Aug-2013,M. J. MARTIN,2024-04-17
45.998,,14.85,0.2,,X,,,,,,,,,63,89,Eu,,0,,3-,13.517,,9,Y,426554968.39856005,284012.333771328,EC+B+,72.08,0.13,1874.5,15,62,90,Sm,31-Aug-2013,M. J. MARTIN,2024-04-17
46.575,,3.05,0.07,,X,,,,,,,,,63,89,Eu,,0,,3-,13.517,,9,Y,426554968.39856005,284012.333771328,EC+B+,72.08,0.13,1874.5,15,62,90,Sm,31-Aug-2013,M. J. MARTIN,2024-04-17
48.802,,0.13897543284262845,0.002780065345932064,,X,,,,,,,,,63,89,Eu,,0,,3-,13.517,,9,Y,426554968.39856005,284012.333771328,B-,27.92,0.13,1818.8,7,64,88,Gd,31-Aug-2013,M. J. MARTIN,2024-04-17
49.326,,0.1755259716802397,0.003441777069373174,,X,,,,,,,,,63,89,Eu,,0,,3-,13.517,,9,Y,426554968.39856005,284012.333771328,B-,27.92,0.13,1818.8,7,64,88,Gd,31-Aug-2013,M. J. MARTIN,2024-04-17
49.957,,0.03655053883761128,0.0010086848387654516,,X,,,,,,,,,63,89,Eu,,0,,3-,13.517,,9,Y,426554968.39856005,284012.333771328,B-,27.92,0.13,1818.8,7,64,88,Gd,31-Aug-2013,M. J. MARTIN,2024-04-17
6.354,,4.7,0.5,,X,,,,,,,,,63,89,Eu,,45.5998,0.0004,0-,9.3116,,13,h,33521.76,4.68,EC+B+,27,3,1874.5,15,62,90,Sm,31-Aug-2013,M. J. MARTIN,2024-04-17
6.858,,0.0156066482176,0.0020012292851046237,,X,,,,,,,,,63,89,Eu,,45.5998,0.0004,0-,9.3116,,13,h,33521.76,4.68,B-,73,3,1818.8,7,64,88,Gd,31-Aug-2013,M. J. MARTIN,2024-04-17
39.522,,7.3,0.9,,X,,,,,,,,,63,89,Eu,,45.5998,0.0004,0-,9.3116,,13,h,33521.76,4.68,EC+B+,27,3,1874.5,15,62,90,Sm,31-Aug-2013,M. J. MARTIN,2024-04-17
40.117,,13.2,1.6,,X,,,,,,,,,63,89,Eu,,45.5998,0.0004,0-,9.3116,,13,h,33521.76,4.68,EC+B+,27,3,1874.5,15,62,90,Sm,31-Aug-2013,M. J. MARTIN,2024-04-17
42.308,,0.021788393503838373,0.00331124732781035,,X,,,,,,,,,63,89,Eu,,45.5998,0.0004,0-,9.3116,,13,h,33521.76,4.68,B-,73,3,1818.8,7,64,88,Gd,31-Aug-2013,M. J. MARTIN,2024-04-17
42.996,,0.0391948075262428,0.005953943489189885,,X,,,,,,,,,63,89,Eu,,45.5998,0.0004,0-,9.3116,,13,h,33521.76,4.68,B-,73,3,1818.8,7,64,88,Gd,31-Aug-2013,M. J. MARTIN,2024-04-17
45.523,,4.1,0.5,,X,,,,,,,,,63,89,Eu,,45.5998,0.0004,0-,9.3116,,13,h,33521.76,4.68,EC+B+,27,3,1874.5,15,62,90,Sm,31-Aug-2013,M. J. MARTIN,2024-04-17
45.998,,5.2,0.6,,X,,,,,,,,,63,89,Eu,,45.5998,0.0004,0-,9.3116,,13,h,33521.76,4.68,EC+B+,27,3,1874.5,15,62,90,Sm,31-Aug-2013,M. J. MARTIN,2024-04-17
46.575,,1.07,0.13,,X,,,,,,,,,63,89,Eu,,45.5998,0.0004,0-,9.3116,,13,h,33521.76,4.68,EC+B+,27,3,1874.5,15,62,90,Sm,31-Aug-2013,M. J. MARTIN,2024-04-17
48.802,,0.012389777818146343,0.0018868018030934206,,X,,,,,,,,,63,89,Eu,,45.5998,0.0004,0-,9.3116,,13,h,33521.76,4.68,B-,73,3,1818.8,7,64,88,Gd,31-Aug-2013,M. J. MARTIN,2024-04-17
49.326,,0.01564828938431883,0.0023822253344565527,,X,,,,,,,,,63,89,Eu,,45.5998,0.0004,0-,9.3116,,13,h,33521.76,4.68,B-,73,3,1818.8,7,64,88,Gd,31-Aug-2013,M. J. MARTIN,2024-04-17
49.957,,0.003258511566172488,0.0005000807539416434,,X,,,,,,,,,63,89,Eu,,45.5998,0.0004,0-,9.3116,,13,h,33521.76,4.68,B-,73,3,1818.8,7,64,88,Gd,31-Aug-2013,M. J. MARTIN,2024-04-17
6.603,,25.7519354347248,1.8941899880255089,,X,,,,,,,,,63,89,Eu,,147.86,0.1,8-,96,,1,m,5760,60,IT,100,,,,63,89,Eu,31-Aug-2013,M. J. MARTIN,2024-04-17
40.901,,6.440053902952678,0.11829670020216035,,X,,,,,,,,,63,89,Eu,,147.86,0.1,8-,96,,1,m,5760,60,IT,100,,,,63,89,Eu,31-Aug-2013,M. J. MARTIN,2024-04-17
41.541,,11.620450925573218,0.2069181981639073,,X,,,,,,,,,63,89,Eu,,147.86,0.1,8-,96,,1,m,5760,60,IT,100,,,,63,89,Eu,31-Aug-2013,M. J. MARTIN,2024-04-17
47.146,,3.6609131409174114,0.07628740594185497,,X,,,,,,,,,63,89,Eu,,147.86,0.1,8-,96,,1,m,5760,60,IT,100,,,,63,89,Eu,31-Aug-2013,M. J. MARTIN,2024-04-17
47.645,,4.605428731274103,0.0942077421592004,,X,,,,,,,,,63,89,Eu,,147.86,0.1,8-,96,,1,m,5760,60,IT,100,,,,63,89,Eu,31-Aug-2013,M. J. MARTIN,2024-04-17
48.248,,0.9445155903566922,0.026878321806058154,,X,,,,,,,,,63,89,Eu,,147.86,0.1,8-,96,,1,m,5760,60,IT,100,,,,63,89,Eu,31-Aug-2013,M. J. MARTIN,2024-04-17
